parcel_number,siteaddr,tca,city,school_dist,land_value_2026,imp_value_2026,total_value_2026,taxable_value_2026,exemption_from_year,exemption_to_year,levy_rate_2026
0219014110,4110 108TH ST SW,760,CITY/TOWN OF LAKEWOOD,SD #400 CLOVER PARK,"755,100",0,"755,100","755,100",2024,2028,9.335653473765
0219014112,4108 108TH ST SW,760,CITY/TOWN OF LAKEWOOD,SD #400 CLOVER PARK,"290,800","2,027,200","2,318,000","290,800",2024,2028,9.335653473765
0219022263,5915 LAKE GROVE ST SW,760,CITY/TOWN OF LAKEWOOD,SD #400 CLOVER PARK,"1,365,800","6,010,300","7,376,100","1,365,800",2022,2028,9.335653473765
0219122153,11419 KENDRICK ST SW,760,CITY/TOWN OF LAKEWOOD,SD #400 CLOVER PARK,"987,100","2,959,600","3,946,700","987,100",2026,2033,9.335653473765
0219123117,12535 BRIDGEPORT WAY SW,760,CITY/TOWN OF LAKEWOOD,SD #400 CLOVER PARK,"13,224,500","46,132,300","59,356,800","13,224,500",2020,2027,9.335653473765
0220154077,7304 42ND ST W,752,CITY/TOWN OF UNIVERSITY PLACE,SD #083 UNIVERSITY PLACE,"3,371,900","6,496,900","9,868,800","3,371,900",2024,2031,9.784476194117
0220154078,4201 BRIDGEPORT WAY W,752,CITY/TOWN OF UNIVERSITY PLACE,SD #083 UNIVERSITY PLACE,"1,481,200","7,408,100","8,889,300","1,481,200",2024,2031,9.784476194117
0320271126,1402 E 69TH ST,005,CITY/TOWN OF TACOMA,SD #010 TACOMA,"1,475,900","10,191,000","11,666,900","1,705,197",2021,2032,10.876416053020
2000130010,5 S G ST,005,CITY/TOWN OF TACOMA,SD #010 TACOMA,"4,092,700","30,574,900","34,667,600","4,560,496",2023,2030,10.876416053020
2003120021,308 TACOMA AVE S,005,CITY/TOWN OF TACOMA,SD #010 TACOMA,"2,064,200","28,775,200","30,839,400","2,064,200",2024,2031,10.876416053020
2004070030,409 ST HELENS AVE,005,CITY/TOWN OF TACOMA,SD #010 TACOMA,"754,400",0,"754,400","754,400",2024,2031,10.876416053020
2004070040,415 ST HELENS AVE,005,CITY/TOWN OF TACOMA,SD #010 TACOMA,"754,400",0,"754,400","754,400",2024,2031,10.876416053020
2004070050,419 ST HELENS AVE,005,CITY/TOWN OF TACOMA,SD #010 TACOMA,"754,400",0,"754,400","754,400",2024,2031,10.876416053020
2004070065,429 ST HELENS AVE,005,CITY/TOWN OF TACOMA,SD #010 TACOMA,"2,188,100","81,036,800","83,224,900","2,188,100",2024,2031,10.876416053020
2006120020,612 TACOMA AVE S,005,CITY/TOWN OF TACOMA,SD #010 TACOMA,"529,300","3,186,300","3,715,600","803,004",2020,2031,10.876416053020
2006190011,603 S J ST,005,CITY/TOWN OF TACOMA,SD #010 TACOMA,"1,223,600","23,860,500","25,084,100","21,388,109",2022,2029,10.876416053020
2006330010,1614 6TH AVE,005,CITY/TOWN OF TACOMA,SD #010 TACOMA,"436,500","1,218,400","1,654,900","436,500",2026,2037,10.876416053020
2007170030,705 S I ST,005,CITY/TOWN OF TACOMA,SD #010 TACOMA,"353,200","2,600,800","2,954,000","353,200",2023,2034,10.876416053020
2007170081,715 S I ST,005,CITY/TOWN OF TACOMA,SD #010 TACOMA,"353,700","2,043,500","2,397,200","353,700",2023,2030,10.876416053020
2008160032,810 YAKIMA AVE,005,CITY/TOWN OF TACOMA,SD #010 TACOMA,"434,500","3,425,900","3,860,400","434,500",2025,2036,10.876416053020
2008220030,806 MARTIN LUTHER KING JR WAY,005,CITY/TOWN OF TACOMA,SD #010 TACOMA,"293,000",0,"293,000","293,000",2023,2034,10.876416053020
2008220040,808 MARTIN LUTHER KING JR WAY,005,CITY/TOWN OF TACOMA,SD #010 TACOMA,"293,000",0,"293,000","293,000",2023,2034,10.876416053020
2008220050,824 MARTIN LUTHER KING JR WAY,005,CITY/TOWN OF TACOMA,SD #010 TACOMA,"1,172,100","23,830,900","25,003,000","3,455,100",2023,2034,10.876416053020
2009180050,916 S I ST UNIT A-D,005,CITY/TOWN OF TACOMA,SD #010 TACOMA,"234,300","711,200","945,500","234,300",2026,2033,10.876416053020
2009180060,918 S I ST UNIT A-D,005,CITY/TOWN OF TACOMA,SD #010 TACOMA,"234,300","711,200","945,500","234,300",2026,2033,10.876416053020
2010030073,1019 TO 1021 PACIFIC AVE,005,CITY/TOWN OF TACOMA,SD #010 TACOMA,"1,124,300","43,627,900","44,752,200",0,2023,2030,10.876416053020
2010160060,1016 YAKIMA AVE,005,CITY/TOWN OF TACOMA,SD #010 TACOMA,"132,400","1,147,600","1,280,000","132,400",2024,2035,10.876416053020
2010200071,1011 S 11TH ST,005,CITY/TOWN OF TACOMA,SD #010 TACOMA,"2,840,800","65,268,300","68,109,100","5,464,390",2026,2033,10.876416053020
2012120011,1210 TACOMA AVE S,005,CITY/TOWN OF TACOMA,SD #010 TACOMA,"3,145,800","54,031,300","57,177,100","3,145,800",2022,2029,10.876416053020
2013090140,411 S 15TH ST,005,CITY/TOWN OF TACOMA,SD #010 TACOMA,"712,800","28,549,900","29,262,700","712,800",2024,2031,10.876416053020
2013200010,1302 S J ST,005,CITY/TOWN OF TACOMA,SD #010 TACOMA,"213,300","1,106,400","1,319,700","213,300",2017,2028,10.876416053020
2014120011,1402 TACOMA AVE S,005,CITY/TOWN OF TACOMA,SD #010 TACOMA,"1,450,300","35,812,800","37,263,100","1,450,300",2025,2036,10.876416053020
2015080130,1552 TO 1556 MARKET ST,005,CITY/TOWN OF TACOMA,SD #010 TACOMA,"937,100","12,081,600","13,018,700","1,359,956",2020,2031,10.876416053020
2015100121,1502 FAWCETT AVE,005,CITY/TOWN OF TACOMA,SD #010 TACOMA,"7,818,100","117,177,400","124,995,500","7,818,100",2025,2036,10.876416053020
2015110061,1515 TACOMA AVE S,005,CITY/TOWN OF TACOMA,SD #010 TACOMA,"734,400","38,770,300","39,504,700","734,400",2020,2027,10.876416053020
2016130071,615 S 17TH ST,005,CITY/TOWN OF TACOMA,SD #010 TACOMA,"190,300","286,700","477,000","190,300",2020,2027,10.876416053020
2016130072,613 S 17TH ST,005,CITY/TOWN OF TACOMA,SD #010 TACOMA,"190,300","272,500","462,800","190,300",2020,2027,10.876416053020
2016130073,611 S 17TH ST,005,CITY/TOWN OF TACOMA,SD #010 TACOMA,"190,300","272,500","462,800","190,300",2020,2027,10.876416053020
2016130074,609 S 17TH ST,005,CITY/TOWN OF TACOMA,SD #010 TACOMA,"190,300","286,700","477,000","190,300",2020,2028,10.876416053020
2016140050,1618 S G ST,005,CITY/TOWN OF TACOMA,SD #010 TACOMA,"213,300","1,155,700","1,369,000","213,300",2023,2034,10.876416053020
2016140060,1620 S G ST,005,CITY/TOWN OF TACOMA,SD #010 TACOMA,"213,300","1,155,700","1,369,000","213,300",2023,2034,10.876416053020
2019170120,1925 S I ST,005,CITY/TOWN OF TACOMA,SD #010 TACOMA,"649,700","5,128,800","5,778,500","649,700",2022,2029,10.876416053020
2021090113,2140 TO 2148 JEFFERSON AVE,005,CITY/TOWN OF TACOMA,SD #010 TACOMA,"1,801,900","33,510,300","35,312,200","3,909,698",2022,2030,10.876416053020
2023150082,2367 S YAKIMA AVE,005,CITY/TOWN OF TACOMA,SD #010 TACOMA,"248,500","782,800","1,031,300","248,500",2025,2036,10.876416053020
2024180061,2418 S I ST,005,CITY/TOWN OF TACOMA,SD #010 TACOMA,"195,600","864,300","1,059,900","195,600",2026,2037,10.876416053020
2024180062,2420 S I ST UNIT A-F,005,CITY/TOWN OF TACOMA,SD #010 TACOMA,"195,600","864,300","1,059,900","195,600",2026,2037,10.876416053020
2025040011,2501 COMMERCE ST,005,CITY/TOWN OF TACOMA,SD #010 TACOMA,"950,600","28,689,300","29,639,900","1,274,789",2025,2032,10.876416053020
2025080012,2515 JEFFERSON AVE,005,CITY/TOWN OF TACOMA,SD #010 TACOMA,"2,400,300","55,185,300","57,585,600","2,400,300",2025,2032,10.876416053020
2025100040,2518 FAWCETT AVE,005,CITY/TOWN OF TACOMA,SD #010 TACOMA,"211,900","687,600","899,500","211,900",2024,2035,10.876416053020
2025110072,2533 TACOMA AVE S,005,CITY/TOWN OF TACOMA,SD #010 TACOMA,"519,100","1,604,400","2,123,500","519,100",2025,2036,10.876416053020
2025120042,2514 TACOMA AVE S UNIT A - D,005,CITY/TOWN OF TACOMA,SD #010 TACOMA,"250,400","824,700","1,075,100","250,400",2024,2035,10.876416053020
2030100051,23 N BROADWAY,005,CITY/TOWN OF TACOMA,SD #010 TACOMA,"891,400","15,963,100","16,854,500","891,400",2025,2032,10.876416053020
2031140030,102 N G ST,005,CITY/TOWN OF TACOMA,SD #010 TACOMA,"1,920,000","50,882,500","52,802,500","2,998,709",2019,2026,10.876416053020
2032190013,223 N J ST,005,CITY/TOWN OF TACOMA,SD #010 TACOMA,"738,200","7,101,600","7,839,800","738,200",2025,2036,10.876416053020
2074200041,304 PUYALLUP AVE,005,CITY/TOWN OF TACOMA,SD #010 TACOMA,"824,500","24,944,200","25,768,700","1,463,072",2021,2032,10.876416053020
2082260060,624 E 32ND ST,005,CITY/TOWN OF TACOMA,SD #010 TACOMA,"492,000","3,403,300","3,895,300","492,000",2019,2030,10.876416053020
2084040040,610 S 34TH ST UNIT A-H,005,CITY/TOWN OF TACOMA,SD #010 TACOMA,"224,800","1,668,300","1,893,100","224,800",2025,2036,10.876416053020
2085010011,3412 S G ST,005,CITY/TOWN OF TACOMA,SD #010 TACOMA,"148,900","1,588,400","1,737,300","148,900",2019,2030,10.876416053020
2087270030,3524 MCKINLEY AVE,005,CITY/TOWN OF TACOMA,SD #010 TACOMA,"269,500","1,996,800","2,266,300","1,102,166",2019,2030,10.876416053020
2890000272,4017 S WARNER ST,005,CITY/TOWN OF TACOMA,SD #010 TACOMA,"327,900","1,841,300","2,169,200","327,900",2018,2029,10.876416053020
2890000282,4021 S WARNER ST,005,CITY/TOWN OF TACOMA,SD #010 TACOMA,"327,900","1,841,300","2,169,200","327,900",2018,2029,10.876416053020
2890000343,4012 TO 4014 S WARNER ST,005,CITY/TOWN OF TACOMA,SD #010 TACOMA,"155,800","610,800","766,600","155,800",2021,2032,10.876416053020
2890000344,4010 TO 4016 S WARNER ST,005,CITY/TOWN OF TACOMA,SD #010 TACOMA,"162,400","604,200","766,600","162,400",2021,2032,10.876416053020
2890000420,4001 TO 4003 S PUGET SOUND AVE,005,CITY/TOWN OF TACOMA,SD #010 TACOMA,"514,200","3,037,900","3,552,100","514,200",2024,2035,10.876416053020
2890000432,4013 S PUGET SOUND AVE,005,CITY/TOWN OF TACOMA,SD #010 TACOMA,"162,400","1,901,600","2,064,000","162,400",2020,2031,10.876416053020
2890000481,4031 TO 4033 S PUGET SOUND AVE,005,CITY/TOWN OF TACOMA,SD #010 TACOMA,"467,500","2,492,900","2,960,400","467,500",2024,2035,10.876416053020
2890000507,4045 S PUGET SOUND AVE,005,CITY/TOWN OF TACOMA,SD #010 TACOMA,"362,900","2,653,900","3,016,800","362,900",2025,2036,10.876416053020
2890000541,4020 S PUGET SOUND AVE,005,CITY/TOWN OF TACOMA,SD #010 TACOMA,"669,300","2,980,100","3,649,400","669,300",2019,2030,10.876416053020
2890000840,4312 S PUGET SOUND AVE,005,CITY/TOWN OF TACOMA,SD #010 TACOMA,"254,000","3,386,000","3,640,000","254,000",2024,2035,10.876416053020
2890000863,4318 3A&B TO 4318 4A&B S PUGET SOUND AVE,005,CITY/TOWN OF TACOMA,SD #010 TACOMA,"118,800","957,200","1,076,000","118,800",2023,2034,10.876416053020
2890000864,4318 1A&B TO 4318 2A&B S PUGET SOUND AVE,005,CITY/TOWN OF TACOMA,SD #010 TACOMA,"117,000","1,045,300","1,162,300","117,000",2023,2034,10.876416053020
2890000865,4318 5A&B TO 4318 6A&B S PUGET SOUND AVE,005,CITY/TOWN OF TACOMA,SD #010 TACOMA,"117,600","952,500","1,070,100","117,600",2023,2034,10.876416053020
2890000990,4323 S PUGET SOUND AVE,005,CITY/TOWN OF TACOMA,SD #010 TACOMA,"254,000","1,558,000","1,812,000","254,000",2023,2034,10.876416053020
2890001010,4329 S PUGET SOUND AVE,005,CITY/TOWN OF TACOMA,SD #010 TACOMA,"254,000","3,165,500","3,419,500","254,000",2024,2035,10.876416053020
2890001510,4338 S CEDAR ST,005,CITY/TOWN OF TACOMA,SD #010 TACOMA,"288,000","2,057,300","2,345,300","288,000",2023,2034,10.876416053020
2890001540,4337 S CEDAR ST,005,CITY/TOWN OF TACOMA,SD #010 TACOMA,"329,600","1,516,700","1,846,300","329,600",2020,2031,10.876416053020
2890001920,4518 S JUNETT ST,005,CITY/TOWN OF TACOMA,SD #010 TACOMA,"311,300","1,015,500","1,326,800","311,300",2017,2028,10.876416053020
2890001930,4524 S JUNETT ST,005,CITY/TOWN OF TACOMA,SD #010 TACOMA,"305,500","1,721,300","2,026,800","305,500",2023,2030,10.876416053020
2890001940,4528 S JUNETT ST,005,CITY/TOWN OF TACOMA,SD #010 TACOMA,"291,400","890,900","1,182,300","291,400",2026,2033,10.876416053020
2890001980,4546 S JUNETT ST,005,CITY/TOWN OF TACOMA,SD #010 TACOMA,"294,400","2,729,700","3,024,100","294,400",2025,2036,10.876416053020
2890002391,4501 S WARNER ST,005,CITY/TOWN OF TACOMA,SD #010 TACOMA,"355,500","2,218,000","2,573,500","355,500",2026,2037,10.876416053020
2890002483,4502 S WARNER ST,005,CITY/TOWN OF TACOMA,SD #010 TACOMA,"248,800","1,398,300","1,647,100","248,800",2025,2036,10.876416053020
2890002502,4510 S WARNER ST UNIT A & B,005,CITY/TOWN OF TACOMA,SD #010 TACOMA,"186,300","705,500","891,800","186,300",2024,2035,10.876416053020
2890002503,4512 S WARNER ST UNIT A & B,005,CITY/TOWN OF TACOMA,SD #010 TACOMA,"186,300","705,500","891,800","186,300",2024,2035,10.876416053020
2890002630,3415 S 47TH ST,005,CITY/TOWN OF TACOMA,SD #010 TACOMA,"224,400","942,100","1,166,500","224,400",2015,2026,10.876416053020
3245003030,3118 6TH AVE,005,CITY/TOWN OF TACOMA,SD #010 TACOMA,"1,085,200","32,523,800","33,609,000","3,613,373",2022,2029,10.876416053020
4002560120,3610 BRIDGEPORT WAY W,752,CITY/TOWN OF UNIVERSITY PLACE,SD #083 UNIVERSITY PLACE,"6,586,100","52,210,500","58,796,600","10,762,940",2021,2028,9.784476194117
4003070031,3706 LARSON LN W,752,CITY/TOWN OF UNIVERSITY PLACE,SD #083 UNIVERSITY PLACE,"999,600","12,995,400","13,995,000","999,600",2022,2030,9.784476194117
4180000141,3910 N 28TH ST,005,CITY/TOWN OF TACOMA,SD #010 TACOMA,"3,161,200","51,789,100","54,950,300","6,861,428",2025,2036,10.876416053020
4245000060,3616 TO 3622 MCKINLEY AVE,005,CITY/TOWN OF TACOMA,SD #010 TACOMA,"204,500","1,742,700","1,947,200","204,500",2022,2033,10.876416053020
4389000183,4002 10TH ST SE,096,CITY/TOWN OF PUYALLUP,SD #003 PUYALLUP,"548,900","1,263,300","1,812,200","548,900",2026,2033,9.815777556247
4415000252,640 N PROSPECT ST,005,CITY/TOWN OF TACOMA,SD #010 TACOMA,"297,700","491,700","789,400","297,700",2020,2031,10.876416053020
4415000262,636 N PROSPECT ST,005,CITY/TOWN OF TACOMA,SD #010 TACOMA,"297,700","486,500","784,200","297,700",2017,2028,10.876416053020
4415000390,641 N FIFE ST,005,CITY/TOWN OF TACOMA,SD #010 TACOMA,"302,200","509,400","811,600","302,200",2022,2033,10.876416053020
4415000431,627 N FIFE ST,005,CITY/TOWN OF TACOMA,SD #010 TACOMA,"152,500","2,315,200","2,467,700","152,500",2019,2026,10.876416053020
4470000040,6805 6TH AVE BLDG A - G,005,CITY/TOWN OF TACOMA,SD #010 TACOMA,"1,328,400","14,044,300","15,372,700","3,621,834",2023,2030,10.876416053020
4470000471,619 N ROCHESTER ST,005,CITY/TOWN OF TACOMA,SD #010 TACOMA,"375,600","3,627,500","4,003,100","375,600",2020,2027,10.876416053020
4715013322,1438 E 31ST ST,005,CITY/TOWN OF TACOMA,SD #010 TACOMA,"125,800","820,700","946,500","125,800",2025,2032,10.876416053020
4715013932,1619 E 32ND ST UNIT A-F,005,CITY/TOWN OF TACOMA,SD #010 TACOMA,"149,000","590,700","739,700","149,000",2025,2036,10.876416053020
5003700011,2330 YAKIMA CT,005,CITY/TOWN OF TACOMA,SD #010 TACOMA,"1,634,800","12,116,600","13,751,400","1,634,800",2024,2031,10.876416053020
5080000396,11108 TO 11114 FREIDAY ST SW,760,CITY/TOWN OF LAKEWOOD,SD #400 CLOVER PARK,"730,200","3,508,900","4,239,100","730,200",2024,2031,9.335653473765
5270000320,9 CLARK PL,005,CITY/TOWN OF TACOMA,SD #010 TACOMA,"293,900","1,700,200","1,994,100","293,900",2024,2035,10.876416053020
5270001611,2 CHELAN PL,005,CITY/TOWN OF TACOMA,SD #010 TACOMA,"1,429,500","8,190,400","9,619,900","1,429,500",2024,2035,10.876416053020
5670002290,3715 MCKINLEY AVE,005,CITY/TOWN OF TACOMA,SD #010 TACOMA,"196,600","3,120,000","3,316,600","196,600",2022,2033,10.876416053020
6060000120,2515 S 48TH ST,005,CITY/TOWN OF TACOMA,SD #010 TACOMA,"1,168,300","7,134,100","8,302,400","1,168,300",2020,2031,10.876416053020
6465000065,2211 68TH AVENUE CT W BLDG D,752,CITY/TOWN OF UNIVERSITY PLACE,SD #083 UNIVERSITY PLACE,"7,683,800",0,"7,683,800","7,683,800",2025,2032,9.784476194117
6465000081,2211 68TH AVENUE CT W BLDG D,752,CITY/TOWN OF UNIVERSITY PLACE,SD #083 UNIVERSITY PLACE,"10,461,800","46,178,500","56,640,300","10,461,800",2025,2032,9.784476194117
6615002311,234 S 70TH ST,005,CITY/TOWN OF TACOMA,SD #010 TACOMA,"267,000","1,356,800","1,623,800","267,000",2023,2034,10.876416053020
6615002331,7015 S D ST,005,CITY/TOWN OF TACOMA,SD #010 TACOMA,"3,012,800","28,314,800","31,327,600","3,012,800",2022,2033,10.876416053020
6762002390,323 GARFIELD ST S,515,,SD #402 FRANKLIN PIERCE,"109,800","24,891,900","25,001,700","2,823,017",2015,2026,10.647619957340
6850000111,2540 S 42ND ST,005,CITY/TOWN OF TACOMA,SD #010 TACOMA,"979,200","4,698,000","5,677,200","979,200",2021,2032,10.876416053020
7280000331,640 N TRAFTON ST,005,CITY/TOWN OF TACOMA,SD #010 TACOMA,"826,700","10,325,700","11,152,400","826,700",2024,2031,10.876416053020
7470032810,3639 S G ST,005,CITY/TOWN OF TACOMA,SD #010 TACOMA,"581,800","5,898,000","6,479,800","581,800",2024,2035,10.876416053020
7475010782,3725 TO 3729 N 27TH ST,005,CITY/TOWN OF TACOMA,SD #010 TACOMA,"1,419,800","21,099,200","22,519,000","1,727,848",2024,2031,10.876416053020
7475013582,2506 TO 2510 N PROCTOR ST,005,CITY/TOWN OF TACOMA,SD #010 TACOMA,"2,992,700","52,132,000","55,124,700","7,204,966",2021,2027,10.876416053020
7850000572,7431 TO 7435 PACIFIC AVE,005,CITY/TOWN OF TACOMA,SD #010 TACOMA,"1,311,300","4,925,100","6,236,400","1,515,692",2024,2035,10.876416053020
7850000702,7624 TO 7626 PACIFIC AVE,005,CITY/TOWN OF TACOMA,SD #010 TACOMA,"389,000","1,237,800","1,626,800","389,000",2024,2035,10.876416053020
7850100032,7427 S D ST,005,CITY/TOWN OF TACOMA,SD #010 TACOMA,"144,400","1,531,400","1,675,800","144,400",2021,2032,10.876416053020
7850100033,7425 S D ST,005,CITY/TOWN OF TACOMA,SD #010 TACOMA,"277,300","2,835,500","3,112,800","277,300",2021,2032,10.876416053020
8935015050,3714 YAKIMA AVE,005,CITY/TOWN OF TACOMA,SD #010 TACOMA,"367,400","1,876,200","2,243,600","367,400",2021,2032,10.876416053020
8935021210,766 S 39TH ST,005,CITY/TOWN OF TACOMA,SD #010 TACOMA,"197,200","629,400","826,600","197,200",2021,2032,10.876416053020
9010420010,4961 MAIN ST UNIT 101,005,CITY/TOWN OF TACOMA,SD #010 TACOMA,"103,100","897,700","1,000,800","103,100",2019,2026,10.876416053020
9010420020,4961 MAIN ST UNIT 102,005,CITY/TOWN OF TACOMA,SD #010 TACOMA,"87,700","763,900","851,600","87,700",2019,2026,10.876416053020
9010420030,4961 MAIN ST UNIT 103,005,CITY/TOWN OF TACOMA,SD #010 TACOMA,"87,300","760,100","847,400","87,300",2019,2026,10.876416053020
9010420040,4961 MAIN ST UNIT 104,005,CITY/TOWN OF TACOMA,SD #010 TACOMA,"87,700","763,900","851,600","87,700",2019,2026,10.876416053020
9010420050,4961 MAIN ST UNIT 105,005,CITY/TOWN OF TACOMA,SD #010 TACOMA,"121,000","1,053,800","1,174,800","121,000",2019,2026,10.876416053020
9010420060,4961 MAIN ST UNIT 106,005,CITY/TOWN OF TACOMA,SD #010 TACOMA,"121,500","1,058,000","1,179,500","121,500",2019,2026,10.876416053020
9010420070,4961 MAIN ST UNIT 107,005,CITY/TOWN OF TACOMA,SD #010 TACOMA,"87,300","760,100","847,400","87,300",2019,2026,10.876416053020
9010420080,4961 MAIN ST UNIT 108,005,CITY/TOWN OF TACOMA,SD #010 TACOMA,"87,700","763,900","851,600","87,700",2019,2026,10.876416053020
9010420090,4961 MAIN ST UNIT 109,005,CITY/TOWN OF TACOMA,SD #010 TACOMA,"87,400","761,500","848,900","87,400",2019,2026,10.876416053020
9010420100,4961 MAIN ST UNIT 110,005,CITY/TOWN OF TACOMA,SD #010 TACOMA,"121,100","1,054,900","1,176,000","121,100",2019,2026,10.876416053020
9010420110,4961 MAIN ST UNIT 201,005,CITY/TOWN OF TACOMA,SD #010 TACOMA,"99,900","870,100","970,000","99,900",2019,2026,10.876416053020
9010420120,4961 MAIN ST UNIT 202,005,CITY/TOWN OF TACOMA,SD #010 TACOMA,"85,700","746,000","831,700","85,700",2019,2026,10.876416053020
9010420130,4961 MAIN ST UNIT 203,005,CITY/TOWN OF TACOMA,SD #010 TACOMA,"84,100","732,500","816,600","84,100",2019,2026,10.876416053020
9010420140,4961 MAIN ST UNIT 204,005,CITY/TOWN OF TACOMA,SD #010 TACOMA,"85,700","746,600","832,300","85,700",2019,2026,10.876416053020
9010420150,4961 MAIN ST UNIT 205,005,CITY/TOWN OF TACOMA,SD #010 TACOMA,"120,400","1,048,400","1,168,800","120,400",2019,2026,10.876416053020
9010420160,4961 MAIN ST UNIT 206,005,CITY/TOWN OF TACOMA,SD #010 TACOMA,"121,800","1,060,600","1,182,400","121,800",2019,2026,10.876416053020
9010420170,4961 MAIN ST UNIT 207,005,CITY/TOWN OF TACOMA,SD #010 TACOMA,"86,000","749,100","835,100","86,000",2019,2026,10.876416053020
9010420180,4961 MAIN ST UNIT 208,005,CITY/TOWN OF TACOMA,SD #010 TACOMA,"85,900","747,900","833,800","85,900",2019,2026,10.876416053020
9010420190,4961 MAIN ST UNIT 209,005,CITY/TOWN OF TACOMA,SD #010 TACOMA,"83,800","730,100","813,900","83,800",2019,2026,10.876416053020
9010420200,4961 MAIN ST UNIT 210,005,CITY/TOWN OF TACOMA,SD #010 TACOMA,"143,700","1,251,900","1,395,600","143,700",2019,2026,10.876416053020
9010420210,4961 MAIN ST UNIT 211,005,CITY/TOWN OF TACOMA,SD #010 TACOMA,"45,000","391,900","436,900",0,2019,2026,10.876416053020
9010420220,4961 MAIN ST UNIT 212,005,CITY/TOWN OF TACOMA,SD #010 TACOMA,"47,100","410,300","457,400",0,2019,2026,10.876416053020
9010420230,4961 MAIN ST UNIT 213,005,CITY/TOWN OF TACOMA,SD #010 TACOMA,"53,600","467,300","520,900","53,600",2019,2026,10.876416053020
9010420240,4961 MAIN ST UNIT 214,005,CITY/TOWN OF TACOMA,SD #010 TACOMA,"47,100","410,300","457,400","47,100",2019,2026,10.876416053020
9010420250,4961 MAIN ST UNIT 215,005,CITY/TOWN OF TACOMA,SD #010 TACOMA,"48,100","419,000","467,100","48,100",2019,2026,10.876416053020
9010420260,4961 MAIN ST UNIT 216,005,CITY/TOWN OF TACOMA,SD #010 TACOMA,"46,300","402,900","449,200","46,300",2019,2026,10.876416053020
9010420270,4961 MAIN ST UNIT 217,005,CITY/TOWN OF TACOMA,SD #010 TACOMA,"46,300","403,700","450,000","46,300",2019,2026,10.876416053020
9010420280,4961 MAIN ST UNIT 218,005,CITY/TOWN OF TACOMA,SD #010 TACOMA,"53,700","467,700","521,400","53,700",2019,2026,10.876416053020
9010420290,4961 MAIN ST UNIT 219,005,CITY/TOWN OF TACOMA,SD #010 TACOMA,"45,800","398,500","444,300","45,800",2019,2026,10.876416053020
9010420300,4961 MAIN ST UNIT 220,005,CITY/TOWN OF TACOMA,SD #010 TACOMA,"45,100","392,900","438,000","45,100",2019,2026,10.876416053020
9010420310,4961 MAIN ST UNIT 301,005,CITY/TOWN OF TACOMA,SD #010 TACOMA,"101,700","886,000","987,700","101,700",2019,2026,10.876416053020
9010420320,4961 MAIN ST UNIT 302,005,CITY/TOWN OF TACOMA,SD #010 TACOMA,"87,900","765,500","853,400","87,900",2019,2026,10.876416053020
9010420330,4961 MAIN ST UNIT 303,005,CITY/TOWN OF TACOMA,SD #010 TACOMA,"86,800","756,300","843,100","86,800",2019,2026,10.876416053020
9010420340,4961 MAIN ST UNIT 304,005,CITY/TOWN OF TACOMA,SD #010 TACOMA,"87,000","757,600","844,600","87,000",2019,2026,10.876416053020
9010420350,4961 MAIN ST UNIT 305,005,CITY/TOWN OF TACOMA,SD #010 TACOMA,"119,900","1,044,600","1,164,500","119,900",2019,2026,10.876416053020
9010420360,4961 MAIN ST UNIT 306,005,CITY/TOWN OF TACOMA,SD #010 TACOMA,"119,900","1,044,000","1,163,900","119,900",2019,2026,10.876416053020
9010420370,4961 MAIN ST UNIT 307,005,CITY/TOWN OF TACOMA,SD #010 TACOMA,"86,900","757,000","843,900","86,900",2019,2026,10.876416053020
9010420380,4961 MAIN ST UNIT 308,005,CITY/TOWN OF TACOMA,SD #010 TACOMA,"80,000","696,700","776,700","80,000",2019,2026,10.876416053020
9010420390,4961 MAIN ST UNIT 309,005,CITY/TOWN OF TACOMA,SD #010 TACOMA,"92,000","801,200","893,200","92,000",2019,2026,10.876416053020
9010420400,4961 MAIN ST UNIT 310,005,CITY/TOWN OF TACOMA,SD #010 TACOMA,"145,400","1,266,600","1,412,000","145,400",2019,2026,10.876416053020
9010420410,4961 MAIN ST UNIT 311,005,CITY/TOWN OF TACOMA,SD #010 TACOMA,"44,900","391,500","436,400","44,900",2019,2026,10.876416053020
9010420420,4961 MAIN ST UNIT 312,005,CITY/TOWN OF TACOMA,SD #010 TACOMA,"47,000","409,300","456,300","47,000",2019,2026,10.876416053020
9010420430,4961 MAIN ST UNIT 313,005,CITY/TOWN OF TACOMA,SD #010 TACOMA,"51,500","448,700","500,200","51,500",2019,2026,10.876416053020
9010420440,4961 MAIN ST UNIT 314,005,CITY/TOWN OF TACOMA,SD #010 TACOMA,"46,900","408,900","455,800","46,900",2019,2026,10.876416053020
9010420450,4961 MAIN ST UNIT 315,005,CITY/TOWN OF TACOMA,SD #010 TACOMA,"49,400","430,200","479,600","49,400",2019,2026,10.876416053020
9010420460,4961 MAIN ST UNIT 316,005,CITY/TOWN OF TACOMA,SD #010 TACOMA,"47,700","415,200","462,900","47,700",2019,2026,10.876416053020
9010420470,4961 MAIN ST UNIT 317,005,CITY/TOWN OF TACOMA,SD #010 TACOMA,"47,000","409,300","456,300","47,000",2019,2026,10.876416053020
9010420480,4961 MAIN ST UNIT 318,005,CITY/TOWN OF TACOMA,SD #010 TACOMA,"52,100","453,500","505,600","52,100",2019,2026,10.876416053020
9010420490,4961 MAIN ST UNIT 319,005,CITY/TOWN OF TACOMA,SD #010 TACOMA,"47,000","409,300","456,300","47,000",2019,2026,10.876416053020
9010420500,4961 MAIN ST UNIT 320,005,CITY/TOWN OF TACOMA,SD #010 TACOMA,"45,200","394,000","439,200","45,200",2019,2026,10.876416053020
9010420510,4961 MAIN ST UNIT 401,005,CITY/TOWN OF TACOMA,SD #010 TACOMA,"104,600","911,400","1,016,000","104,600",2019,2026,10.876416053020
9010420520,4961 MAIN ST UNIT 402,005,CITY/TOWN OF TACOMA,SD #010 TACOMA,"92,300","803,700","896,000","92,300",2019,2026,10.876416053020
9010420530,4961 MAIN ST UNIT 403,005,CITY/TOWN OF TACOMA,SD #010 TACOMA,"92,100","802,300","894,400","92,100",2019,2026,10.876416053020
9010420540,4961 MAIN ST UNIT 404,005,CITY/TOWN OF TACOMA,SD #010 TACOMA,"92,100","802,300","894,400","92,100",2019,2026,10.876416053020
9010420550,4961 MAIN ST UNIT 405,005,CITY/TOWN OF TACOMA,SD #010 TACOMA,"124,400","1,083,800","1,208,200","124,400",2019,2026,10.876416053020
9010420560,4961 MAIN ST UNIT 406,005,CITY/TOWN OF TACOMA,SD #010 TACOMA,"124,400","1,083,100","1,207,500","124,400",2019,2026,10.876416053020
9010420570,4961 MAIN ST UNIT 407,005,CITY/TOWN OF TACOMA,SD #010 TACOMA,"92,000","801,700","893,700","92,000",2019,2026,10.876416053020
9010420580,4961 MAIN ST UNIT 408,005,CITY/TOWN OF TACOMA,SD #010 TACOMA,"92,100","802,300","894,400","92,100",2019,2026,10.876416053020
9010420590,4961 MAIN ST UNIT 409,005,CITY/TOWN OF TACOMA,SD #010 TACOMA,"92,300","803,600","895,900","92,300",2019,2026,10.876416053020
9010420600,4961 MAIN ST UNIT 410,005,CITY/TOWN OF TACOMA,SD #010 TACOMA,"156,300","1,361,400","1,517,700","156,300",2019,2026,10.876416053020
9010420610,4961 MAIN ST UNIT 411,005,CITY/TOWN OF TACOMA,SD #010 TACOMA,"46,900","408,200","455,100","46,900",2019,2026,10.876416053020
9010420620,4961 MAIN ST UNIT 412,005,CITY/TOWN OF TACOMA,SD #010 TACOMA,"47,100","409,800","456,900","47,100",2019,2026,10.876416053020
9010420630,4961 MAIN ST UNIT 413,005,CITY/TOWN OF TACOMA,SD #010 TACOMA,"52,000","452,500","504,500","52,000",2019,2026,10.876416053020
9010420640,4961 MAIN ST UNIT 414,005,CITY/TOWN OF TACOMA,SD #010 TACOMA,"47,100","409,800","456,900","47,100",2019,2026,10.876416053020
9010420650,4961 MAIN ST UNIT 415,005,CITY/TOWN OF TACOMA,SD #010 TACOMA,"49,200","428,100","477,300","49,200",2019,2026,10.876416053020
9010420660,4961 MAIN ST UNIT 416,005,CITY/TOWN OF TACOMA,SD #010 TACOMA,"49,200","428,100","477,300","49,200",2019,2026,10.876416053020
9010420670,4961 MAIN ST UNIT 417,005,CITY/TOWN OF TACOMA,SD #010 TACOMA,"47,100","409,800","456,900","47,100",2019,2026,10.876416053020
9010420680,4961 MAIN ST UNIT 418,005,CITY/TOWN OF TACOMA,SD #010 TACOMA,"51,900","452,100","504,000","51,900",2019,2026,10.876416053020
9010420690,4961 MAIN ST UNIT 419,005,CITY/TOWN OF TACOMA,SD #010 TACOMA,"47,100","409,800","456,900","47,100",2019,2026,10.876416053020
9010420700,4961 MAIN ST UNIT 420,005,CITY/TOWN OF TACOMA,SD #010 TACOMA,"45,100","392,400","437,500","45,100",2019,2026,10.876416053020
9010420710,4961 MAIN ST UNIT 421,005,CITY/TOWN OF TACOMA,SD #010 TACOMA,"70,700","615,400","686,100","70,700",2019,2026,10.876416053020
9010420720,4961 MAIN ST UNIT 422,005,CITY/TOWN OF TACOMA,SD #010 TACOMA,"80,600","702,400","783,000","80,600",2019,2026,10.876416053020
9010420730,4961 MAIN ST UNIT 423,005,CITY/TOWN OF TACOMA,SD #010 TACOMA,"81,500","709,400","790,900","81,500",2019,2026,10.876416053020
9010420740,4961 MAIN ST UNIT 424,005,CITY/TOWN OF TACOMA,SD #010 TACOMA,"87,400","760,900","848,300","87,400",2019,2026,10.876416053020
9010420750,4961 MAIN ST UNIT 501,005,CITY/TOWN OF TACOMA,SD #010 TACOMA,"133,900","1,166,500","1,300,400","133,900",2020,2027,10.876416053020
9010420760,4961 MAIN ST UNIT 502,005,CITY/TOWN OF TACOMA,SD #010 TACOMA,"133,700","1,164,400","1,298,100","133,700",2020,2027,10.876416053020
9010420770,4961 MAIN ST UNIT 503,005,CITY/TOWN OF TACOMA,SD #010 TACOMA,"125,000","1,089,000","1,214,000","125,000",2020,2027,10.876416053020
9010420780,4961 MAIN ST UNIT 504,005,CITY/TOWN OF TACOMA,SD #010 TACOMA,"111,000","966,600","1,077,600","111,000",2020,2027,10.876416053020
9010420790,4961 MAIN ST UNIT 505,005,CITY/TOWN OF TACOMA,SD #010 TACOMA,"133,600","1,163,800","1,297,400","133,600",2020,2027,10.876416053020
9010420800,4961 MAIN ST UNIT 506,005,CITY/TOWN OF TACOMA,SD #010 TACOMA,"91,700","798,300","890,000","91,700",2020,2027,10.876416053020
9010420810,4961 MAIN ST UNIT 507,005,CITY/TOWN OF TACOMA,SD #010 TACOMA,"91,700","798,300","890,000","91,700",2020,2027,10.876416053020
9010420820,4961 MAIN ST UNIT 508,005,CITY/TOWN OF TACOMA,SD #010 TACOMA,"140,000","1,218,900","1,358,900","140,000",2020,2027,10.876416053020
9010420830,4961 MAIN ST UNIT 509,005,CITY/TOWN OF TACOMA,SD #010 TACOMA,"176,000","1,532,800","1,708,800","176,000",2020,2027,10.876416053020
9010420840,4961 MAIN ST UNIT 510,005,CITY/TOWN OF TACOMA,SD #010 TACOMA,"49,000","427,100","476,100","49,000",2020,2027,10.876416053020
9010420850,4961 MAIN ST UNIT 511,005,CITY/TOWN OF TACOMA,SD #010 TACOMA,"65,800","573,100","638,900","65,800",2020,2027,10.876416053020
9010420860,4961 MAIN ST UNIT 512,005,CITY/TOWN OF TACOMA,SD #010 TACOMA,"56,600","493,400","550,000","56,600",2020,2027,10.876416053020
9010420870,4961 MAIN ST UNIT 513,005,CITY/TOWN OF TACOMA,SD #010 TACOMA,"50,200","437,000","487,200","50,200",2020,2027,10.876416053020
9010420880,4961 MAIN ST UNIT 514,005,CITY/TOWN OF TACOMA,SD #010 TACOMA,"56,500","492,200","548,700",0,2020,2027,10.876416053020
9010420890,4961 MAIN ST UNIT 515,005,CITY/TOWN OF TACOMA,SD #010 TACOMA,"49,000","426,500","475,500","49,000",2020,2027,10.876416053020
9010420900,4961 MAIN ST UNIT 516,005,CITY/TOWN OF TACOMA,SD #010 TACOMA,"56,100","488,200","544,300","56,100",2020,2027,10.876416053020
9010420910,4961 MAIN ST UNIT 517,005,CITY/TOWN OF TACOMA,SD #010 TACOMA,"56,100","488,200","544,300","56,100",2020,2027,10.876416053020
9010420920,4961 MAIN ST UNIT 518,005,CITY/TOWN OF TACOMA,SD #010 TACOMA,"48,000","418,000","466,000","48,000",2020,2027,10.876416053020
9010420930,4961 MAIN ST UNIT 519,005,CITY/TOWN OF TACOMA,SD #010 TACOMA,"56,500","492,200","548,700","56,500",2020,2027,10.876416053020
9010420940,4961 MAIN ST UNIT 520,005,CITY/TOWN OF TACOMA,SD #010 TACOMA,"50,200","437,000","487,200","50,200",2020,2027,10.876416053020
9010420950,4961 MAIN ST UNIT 521,005,CITY/TOWN OF TACOMA,SD #010 TACOMA,"57,200","498,400","555,600","57,200",2020,2027,10.876416053020
9010420960,4961 MAIN ST UNIT 522,005,CITY/TOWN OF TACOMA,SD #010 TACOMA,"47,100","410,400","457,500","47,100",2020,2027,10.876416053020
9010420970,4961 MAIN ST UNIT 523,005,CITY/TOWN OF TACOMA,SD #010 TACOMA,"55,400","482,900","538,300","55,400",2020,2027,10.876416053020
9010420980,4961 MAIN ST UNIT 601,005,CITY/TOWN OF TACOMA,SD #010 TACOMA,"133,900","1,166,500","1,300,400","133,900",2020,2027,10.876416053020
9010420990,4961 MAIN ST UNIT 602,005,CITY/TOWN OF TACOMA,SD #010 TACOMA,"131,700","1,146,900","1,278,600","131,700",2020,2027,10.876416053020
9010421000,4961 MAIN ST UNIT 603,005,CITY/TOWN OF TACOMA,SD #010 TACOMA,"128,700","1,121,400","1,250,100","128,700",2020,2027,10.876416053020
9010421010,4961 MAIN ST UNIT 604,005,CITY/TOWN OF TACOMA,SD #010 TACOMA,"102,900","896,500","999,400","102,900",2020,2027,10.876416053020
9010421020,4961 MAIN ST UNIT 605,005,CITY/TOWN OF TACOMA,SD #010 TACOMA,"125,700","1,095,200","1,220,900","125,700",2020,2027,10.876416053020
9010421030,4961 MAIN ST UNIT 606,005,CITY/TOWN OF TACOMA,SD #010 TACOMA,"88,300","769,300","857,600","88,300",2020,2027,10.876416053020
9010421040,4961 MAIN ST UNIT 607,005,CITY/TOWN OF TACOMA,SD #010 TACOMA,"86,300","751,500","837,800","86,300",2020,2027,10.876416053020
9010421050,4961 MAIN ST UNIT 608,005,CITY/TOWN OF TACOMA,SD #010 TACOMA,"133,800","1,165,700","1,299,500","133,800",2020,2027,10.876416053020
9010421060,4961 MAIN ST UNIT 609,005,CITY/TOWN OF TACOMA,SD #010 TACOMA,"177,300","1,544,600","1,721,900","177,300",2020,2027,10.876416053020
9010421070,4961 MAIN ST UNIT 610,005,CITY/TOWN OF TACOMA,SD #010 TACOMA,"50,900","442,900","493,800","50,900",2020,2027,10.876416053020
9010421080,4961 MAIN ST UNIT 611,005,CITY/TOWN OF TACOMA,SD #010 TACOMA,"68,600","597,400","666,000","68,600",2020,2027,10.876416053020
9010421090,4961 MAIN ST UNIT 612,005,CITY/TOWN OF TACOMA,SD #010 TACOMA,"55,900","486,700","542,600","55,900",2020,2027,10.876416053020
9010421100,4961 MAIN ST UNIT 613,005,CITY/TOWN OF TACOMA,SD #010 TACOMA,"50,100","436,600","486,700","50,100",2020,2027,10.876416053020
9010421110,4961 MAIN ST UNIT 614,005,CITY/TOWN OF TACOMA,SD #010 TACOMA,"53,900","469,300","523,200","53,900",2020,2027,10.876416053020
9010421120,4961 MAIN ST UNIT 615,005,CITY/TOWN OF TACOMA,SD #010 TACOMA,"48,500","422,400","470,900","48,500",2020,2027,10.876416053020
9010421130,4961 MAIN ST UNIT 616,005,CITY/TOWN OF TACOMA,SD #010 TACOMA,"55,000","479,200","534,200","55,000",2020,2027,10.876416053020
9010421140,4961 MAIN ST UNIT 617,005,CITY/TOWN OF TACOMA,SD #010 TACOMA,"55,000","479,200","534,200","55,000",2020,2027,10.876416053020
9010421150,4961 MAIN ST UNIT 618,005,CITY/TOWN OF TACOMA,SD #010 TACOMA,"48,500","422,400","470,900","48,500",2020,2027,10.876416053020
9010421160,4961 MAIN ST UNIT 619,005,CITY/TOWN OF TACOMA,SD #010 TACOMA,"53,900","469,300","523,200","53,900",2020,2027,10.876416053020
9010421170,4961 MAIN ST UNIT 620,005,CITY/TOWN OF TACOMA,SD #010 TACOMA,"49,600","432,300","481,900","49,600",2020,2027,10.876416053020
9010421180,4961 MAIN ST UNIT 621,005,CITY/TOWN OF TACOMA,SD #010 TACOMA,"56,300","490,800","547,100","56,300",2020,2027,10.876416053020
9010421190,4961 MAIN ST UNIT 622,005,CITY/TOWN OF TACOMA,SD #010 TACOMA,"47,200","411,500","458,700","47,200",2020,2027,10.876416053020
9010421200,4961 MAIN ST UNIT 623,005,CITY/TOWN OF TACOMA,SD #010 TACOMA,"56,500","492,100","548,600","56,500",2020,2027,10.876416053020
9010421210,4961 MAIN ST UNIT 701,005,CITY/TOWN OF TACOMA,SD #010 TACOMA,"133,900","1,166,500","1,300,400","133,900",2020,2027,10.876416053020
9010421220,4961 MAIN ST UNIT 702,005,CITY/TOWN OF TACOMA,SD #010 TACOMA,"131,700","1,146,900","1,278,600","131,700",2020,2027,10.876416053020
9010421230,4961 MAIN ST UNIT 703,005,CITY/TOWN OF TACOMA,SD #010 TACOMA,"128,700","1,121,400","1,250,100","128,700",2020,2027,10.876416053020
9010421240,4961 MAIN ST UNIT 704,005,CITY/TOWN OF TACOMA,SD #010 TACOMA,"102,900","896,500","999,400","102,900",2020,2027,10.876416053020
9010421250,4961 MAIN ST UNIT 705,005,CITY/TOWN OF TACOMA,SD #010 TACOMA,"131,100","1,141,800","1,272,900","131,100",2020,2027,10.876416053020
9010421260,4961 MAIN ST UNIT 706,005,CITY/TOWN OF TACOMA,SD #010 TACOMA,"89,200","777,200","866,400","89,200",2020,2027,10.876416053020
9010421270,4961 MAIN ST UNIT 707,005,CITY/TOWN OF TACOMA,SD #010 TACOMA,"86,300","751,500","837,800","86,300",2020,2027,10.876416053020
9010421280,4961 MAIN ST UNIT 708,005,CITY/TOWN OF TACOMA,SD #010 TACOMA,"135,200","1,177,800","1,313,000","135,200",2020,2027,10.876416053020
9010421290,4961 MAIN ST UNIT 709,005,CITY/TOWN OF TACOMA,SD #010 TACOMA,"177,300","1,544,600","1,721,900","177,300",2020,2027,10.876416053020
9010421300,4961 MAIN ST UNIT 710,005,CITY/TOWN OF TACOMA,SD #010 TACOMA,"50,300","438,500","488,800","50,300",2020,2027,10.876416053020
9010421310,4961 MAIN ST UNIT 711,005,CITY/TOWN OF TACOMA,SD #010 TACOMA,"68,600","597,400","666,000",0,2020,2027,10.876416053020
9010421320,4961 MAIN ST UNIT 712,005,CITY/TOWN OF TACOMA,SD #010 TACOMA,"55,900","486,700","542,600","55,900",2020,2027,10.876416053020
9010421330,4961 MAIN ST UNIT 713,005,CITY/TOWN OF TACOMA,SD #010 TACOMA,"50,100","436,600","486,700","50,100",2020,2027,10.876416053020
9010421340,4961 MAIN ST UNIT 714,005,CITY/TOWN OF TACOMA,SD #010 TACOMA,"53,900","469,300","523,200","53,900",2020,2027,10.876416053020
9010421350,4961 MAIN ST UNIT 715,005,CITY/TOWN OF TACOMA,SD #010 TACOMA,"47,500","414,000","461,500","47,500",2020,2027,10.876416053020
9010421360,4961 MAIN ST UNIT 716,005,CITY/TOWN OF TACOMA,SD #010 TACOMA,"55,600","484,100","539,700","55,600",2020,2027,10.876416053020
9010421370,4961 MAIN ST UNIT 717,005,CITY/TOWN OF TACOMA,SD #010 TACOMA,"55,600","484,100","539,700","55,600",2020,2027,10.876416053020
9010421380,4961 MAIN ST UNIT 718,005,CITY/TOWN OF TACOMA,SD #010 TACOMA,"48,500","422,400","470,900","48,500",2020,2027,10.876416053020
9010421390,4961 MAIN ST UNIT 719,005,CITY/TOWN OF TACOMA,SD #010 TACOMA,"53,900","469,300","523,200","53,900",2020,2027,10.876416053020
9010421400,4961 MAIN ST UNIT 720,005,CITY/TOWN OF TACOMA,SD #010 TACOMA,"48,600","423,700","472,300","48,600",2020,2027,10.876416053020
9010421410,4961 MAIN ST UNIT 721,005,CITY/TOWN OF TACOMA,SD #010 TACOMA,"56,300","490,800","547,100","56,300",2020,2027,10.876416053020
9010421420,4961 MAIN ST UNIT 722,005,CITY/TOWN OF TACOMA,SD #010 TACOMA,"46,200","402,800","449,000","46,200",2020,2027,10.876416053020
9010421430,4961 MAIN ST UNIT 723,005,CITY/TOWN OF TACOMA,SD #010 TACOMA,"56,500","492,100","548,600","56,500",2020,2027,10.876416053020
9010421440,4961 MAIN ST UNIT 801,005,CITY/TOWN OF TACOMA,SD #010 TACOMA,"143,700","1,252,000","1,395,700","143,700",2020,2027,10.876416053020
9010421450,4961 MAIN ST UNIT 802,005,CITY/TOWN OF TACOMA,SD #010 TACOMA,"117,800","1,025,600","1,143,400","117,800",2020,2027,10.876416053020
9010421460,4961 MAIN ST UNIT 803,005,CITY/TOWN OF TACOMA,SD #010 TACOMA,"131,400","1,144,200","1,275,600","131,400",2020,2027,10.876416053020
9010421470,4961 MAIN ST UNIT 804,005,CITY/TOWN OF TACOMA,SD #010 TACOMA,"104,000","906,100","1,010,100","104,000",2020,2027,10.876416053020
9010421480,4961 MAIN ST UNIT 805,005,CITY/TOWN OF TACOMA,SD #010 TACOMA,"127,100","1,106,800","1,233,900","127,100",2020,2027,10.876416053020
9010421490,4961 MAIN ST UNIT 806,005,CITY/TOWN OF TACOMA,SD #010 TACOMA,"90,100","785,300","875,400","90,100",2020,2027,10.876416053020
9010421500,4961 MAIN ST UNIT 807,005,CITY/TOWN OF TACOMA,SD #010 TACOMA,"87,200","759,500","846,700","87,200",2020,2027,10.876416053020
9010421510,4961 MAIN ST UNIT 808,005,CITY/TOWN OF TACOMA,SD #010 TACOMA,"136,600","1,190,000","1,326,600","136,600",2020,2027,10.876416053020
9010421520,4961 MAIN ST UNIT 809,005,CITY/TOWN OF TACOMA,SD #010 TACOMA,"179,200","1,561,000","1,740,200","179,200",2020,2027,10.876416053020
9010421530,4961 MAIN ST UNIT 810,005,CITY/TOWN OF TACOMA,SD #010 TACOMA,"50,900","442,900","493,800","50,900",2020,2027,10.876416053020
9010421540,4961 MAIN ST UNIT 811,005,CITY/TOWN OF TACOMA,SD #010 TACOMA,"69,300","603,400","672,700","69,300",2020,2027,10.876416053020
9010421550,4961 MAIN ST UNIT 812,005,CITY/TOWN OF TACOMA,SD #010 TACOMA,"56,500","491,700","548,200","56,500",2020,2027,10.876416053020
9010421560,4961 MAIN ST UNIT 813,005,CITY/TOWN OF TACOMA,SD #010 TACOMA,"50,100","436,600","486,700","50,100",2020,2027,10.876416053020
9010421570,4961 MAIN ST UNIT 814,005,CITY/TOWN OF TACOMA,SD #010 TACOMA,"54,400","474,100","528,500","54,400",2020,2027,10.876416053020
9010421580,4961 MAIN ST UNIT 815,005,CITY/TOWN OF TACOMA,SD #010 TACOMA,"48,500","422,400","470,900","48,500",2020,2027,10.876416053020
9010421590,4961 MAIN ST UNIT 816,005,CITY/TOWN OF TACOMA,SD #010 TACOMA,"56,100","489,100","545,200","56,100",2020,2027,10.876416053020
9010421600,4961 MAIN ST UNIT 817,005,CITY/TOWN OF TACOMA,SD #010 TACOMA,"56,100","489,100","545,200","56,100",2020,2027,10.876416053020
9010421610,4961 MAIN ST UNIT 818,005,CITY/TOWN OF TACOMA,SD #010 TACOMA,"47,500","414,000","461,500","47,500",2020,2027,10.876416053020
9010421620,4961 MAIN ST UNIT 819,005,CITY/TOWN OF TACOMA,SD #010 TACOMA,"54,400","474,100","528,500","54,400",2020,2027,10.876416053020
9010421630,4961 MAIN ST UNIT 820,005,CITY/TOWN OF TACOMA,SD #010 TACOMA,"49,600","432,300","481,900","49,600",2020,2027,10.876416053020
9010421640,4961 MAIN ST UNIT 821,005,CITY/TOWN OF TACOMA,SD #010 TACOMA,"56,900","496,000","552,900","56,900",2020,2027,10.876416053020
9010421650,4961 MAIN ST UNIT 822,005,CITY/TOWN OF TACOMA,SD #010 TACOMA,"46,700","407,200","453,900","46,700",2020,2027,10.876416053020
9010421660,4961 MAIN ST UNIT 823,005,CITY/TOWN OF TACOMA,SD #010 TACOMA,"58,800","512,600","571,400","58,800",2020,2027,10.876416053020
9010480130,2120 COMMERCE ST,005,CITY/TOWN OF TACOMA,SD #010 TACOMA,"488,000","19,643,500","20,131,500",0,2021,2029,10.876416053020
9010740030,5012 MAIN ST,005,CITY/TOWN OF TACOMA,SD #010 TACOMA,"4,676,100","61,067,100","65,743,200","4,676,100",2021,2032,10.876416053020
9010810010,4907 MAIN ST UNIT 101,005,CITY/TOWN OF TACOMA,SD #010 TACOMA,"85,600","988,500","1,074,100","85,600",2022,2029,10.876416053020
9010810020,4907 MAIN ST UNIT 102,005,CITY/TOWN OF TACOMA,SD #010 TACOMA,"90,600","1,018,500","1,109,100","90,600",2022,2029,10.876416053020
9010810030,4907 MAIN ST UNIT 103,005,CITY/TOWN OF TACOMA,SD #010 TACOMA,"90,200","1,013,900","1,104,100","90,200",2022,2029,10.876416053020
9010810040,4907 MAIN ST UNIT 104,005,CITY/TOWN OF TACOMA,SD #010 TACOMA,"86,800","965,800","1,052,600","86,800",2022,2029,10.876416053020
9010810050,4907 MAIN ST UNIT 105,005,CITY/TOWN OF TACOMA,SD #010 TACOMA,"86,900","923,400","1,010,300","86,900",2022,2029,10.876416053020
9010810060,4907 MAIN ST UNIT 106,005,CITY/TOWN OF TACOMA,SD #010 TACOMA,"83,500","896,700","980,200","83,500",2022,2029,10.876416053020
9010810070,4907 MAIN ST UNIT 107,005,CITY/TOWN OF TACOMA,SD #010 TACOMA,"83,500","896,700","980,200","83,500",2022,2029,10.876416053020
9010810080,4907 MAIN ST UNIT 108,005,CITY/TOWN OF TACOMA,SD #010 TACOMA,"83,500","896,700","980,200","83,500",2022,2029,10.876416053020
9010810090,4907 MAIN ST UNIT 109,005,CITY/TOWN OF TACOMA,SD #010 TACOMA,"96,400","1,093,000","1,189,400","96,400",2022,2029,10.876416053020
9010810100,4907 MAIN ST UNIT 110,005,CITY/TOWN OF TACOMA,SD #010 TACOMA,"71,900","758,400","830,300","71,900",2022,2029,10.876416053020
9010810110,4907 MAIN ST UNIT 111,005,CITY/TOWN OF TACOMA,SD #010 TACOMA,"117,900","1,161,500","1,279,400","117,900",2022,2029,10.876416053020
9010810120,4907 MAIN ST UNIT 112,005,CITY/TOWN OF TACOMA,SD #010 TACOMA,"74,300","832,600","906,900","74,300",2022,2029,10.876416053020
9010810130,4907 MAIN ST UNIT 113,005,CITY/TOWN OF TACOMA,SD #010 TACOMA,"82,000","896,800","978,800","82,000",2022,2029,10.876416053020
9010810140,4907 MAIN ST UNIT 114,005,CITY/TOWN OF TACOMA,SD #010 TACOMA,"86,800","963,600","1,050,400","86,800",2022,2029,10.876416053020
9010810150,4907 MAIN ST UNIT 115,005,CITY/TOWN OF TACOMA,SD #010 TACOMA,"90,200","1,012,500","1,102,700","90,200",2022,2029,10.876416053020
9010810160,4907 MAIN ST UNIT 116,005,CITY/TOWN OF TACOMA,SD #010 TACOMA,"97,600","1,095,200","1,192,800","97,600",2022,2029,10.876416053020
9010810170,4907 MAIN ST UNIT 117,005,CITY/TOWN OF TACOMA,SD #010 TACOMA,"77,200","827,800","905,000","77,200",2022,2029,10.876416053020
9010810180,4907 MAIN ST UNIT 118,005,CITY/TOWN OF TACOMA,SD #010 TACOMA,"84,300","928,900","1,013,200","84,300",2022,2029,10.876416053020
9010810190,4907 MAIN ST UNIT 119,005,CITY/TOWN OF TACOMA,SD #010 TACOMA,"91,300","1,029,900","1,121,200","91,300",2022,2029,10.876416053020
9010810200,4907 MAIN ST UNIT 120,005,CITY/TOWN OF TACOMA,SD #010 TACOMA,"99,200","1,117,500","1,216,700","99,200",2022,2029,10.876416053020
9010810210,4907 MAIN ST UNIT 121,005,CITY/TOWN OF TACOMA,SD #010 TACOMA,"106,100","1,213,900","1,320,000","106,100",2022,2029,10.876416053020
9010810220,4907 MAIN ST UNIT 122,005,CITY/TOWN OF TACOMA,SD #010 TACOMA,"112,600","1,328,000","1,440,600","112,600",2022,2029,10.876416053020
9010810230,4907 MAIN ST UNIT 201,005,CITY/TOWN OF TACOMA,SD #010 TACOMA,"74,400","916,700","991,100","74,400",2022,2029,10.876416053020
9010810240,4907 MAIN ST UNIT 202,005,CITY/TOWN OF TACOMA,SD #010 TACOMA,"70,300","823,200","893,500","70,300",2022,2029,10.876416053020
9010810250,4907 MAIN ST UNIT 203,005,CITY/TOWN OF TACOMA,SD #010 TACOMA,"65,900","765,000","830,900","65,900",2022,2029,10.876416053020
9010810260,4907 MAIN ST UNIT 204,005,CITY/TOWN OF TACOMA,SD #010 TACOMA,"62,500","756,300","818,800","62,500",2022,2029,10.876416053020
9010810270,4907 MAIN ST UNIT 205,005,CITY/TOWN OF TACOMA,SD #010 TACOMA,"59,600","705,800","765,400","59,600",2022,2029,10.876416053020
9010810280,4907 MAIN ST UNIT 206,005,CITY/TOWN OF TACOMA,SD #010 TACOMA,"57,800","681,800","739,600","57,800",2022,2029,10.876416053020
9010810290,4907 MAIN ST UNIT 207,005,CITY/TOWN OF TACOMA,SD #010 TACOMA,"57,800","681,800","739,600","57,800",2022,2029,10.876416053020
9010810300,4907 MAIN ST UNIT 208,005,CITY/TOWN OF TACOMA,SD #010 TACOMA,"57,800","681,800","739,600","57,800",2022,2029,10.876416053020
9010810310,4907 MAIN ST UNIT 209,005,CITY/TOWN OF TACOMA,SD #010 TACOMA,"78,800","876,900","955,700","78,800",2022,2029,10.876416053020
9010810320,4907 MAIN ST UNIT 210,005,CITY/TOWN OF TACOMA,SD #010 TACOMA,"59,200","679,500","738,700","59,200",2022,2029,10.876416053020
9010810330,4907 MAIN ST UNIT 211,005,CITY/TOWN OF TACOMA,SD #010 TACOMA,"98,900","1,202,400","1,301,300","98,900",2022,2029,10.876416053020
9010810340,4907 MAIN ST UNIT 212,005,CITY/TOWN OF TACOMA,SD #010 TACOMA,"63,100","774,600","837,700","63,100",2022,2029,10.876416053020
9010810350,4907 MAIN ST UNIT 213,005,CITY/TOWN OF TACOMA,SD #010 TACOMA,"70,800","829,300","900,100","70,800",2022,2029,10.876416053020
9010810360,4907 MAIN ST UNIT 214,005,CITY/TOWN OF TACOMA,SD #010 TACOMA,"75,600","890,200","965,800","75,600",2022,2029,10.876416053020
9010810370,4907 MAIN ST UNIT 215,005,CITY/TOWN OF TACOMA,SD #010 TACOMA,"78,900","934,500","1,013,400","78,900",2022,2029,10.876416053020
9010810380,4907 MAIN ST UNIT 216,005,CITY/TOWN OF TACOMA,SD #010 TACOMA,"86,700","1,010,300","1,097,000","86,700",2022,2029,10.876416053020
9010810390,4907 MAIN ST UNIT 217,005,CITY/TOWN OF TACOMA,SD #010 TACOMA,"66,100","766,200","832,300","66,100",2022,2029,10.876416053020
9010810400,4907 MAIN ST UNIT 218,005,CITY/TOWN OF TACOMA,SD #010 TACOMA,"73,100","870,700","943,800","73,100",2022,2029,10.876416053020
9010810410,4907 MAIN ST UNIT 219,005,CITY/TOWN OF TACOMA,SD #010 TACOMA,"80,300","950,800","1,031,100","80,300",2022,2029,10.876416053020
9010810420,4907 MAIN ST UNIT 220,005,CITY/TOWN OF TACOMA,SD #010 TACOMA,"88,100","1,028,800","1,116,900","88,100",2022,2029,10.876416053020
9010810430,4907 MAIN ST UNIT 221,005,CITY/TOWN OF TACOMA,SD #010 TACOMA,"94,900","1,116,900","1,211,800","94,900",2022,2029,10.876416053020
9010810440,4907 MAIN ST UNIT 222,005,CITY/TOWN OF TACOMA,SD #010 TACOMA,"101,500","1,222,800","1,324,300","101,500",2022,2029,10.876416053020
9010810450,4907 MAIN ST UNIT 301,005,CITY/TOWN OF TACOMA,SD #010 TACOMA,"74,400","917,300","991,700","74,400",2022,2029,10.876416053020
9010810460,4907 MAIN ST UNIT 302,005,CITY/TOWN OF TACOMA,SD #010 TACOMA,"70,400","824,300","894,700","70,400",2022,2029,10.876416053020
9010810470,4907 MAIN ST UNIT 303,005,CITY/TOWN OF TACOMA,SD #010 TACOMA,"65,800","764,400","830,200","65,800",2022,2029,10.876416053020
9010810480,4907 MAIN ST UNIT 304,005,CITY/TOWN OF TACOMA,SD #010 TACOMA,"62,500","744,700","807,200","62,500",2022,2029,10.876416053020
9010810490,4907 MAIN ST UNIT 305,005,CITY/TOWN OF TACOMA,SD #010 TACOMA,"59,600","706,300","765,900","59,600",2022,2029,10.876416053020
9010810500,4907 MAIN ST UNIT 306,005,CITY/TOWN OF TACOMA,SD #010 TACOMA,"57,800","682,300","740,100","57,800",2022,2029,10.876416053020
9010810510,4907 MAIN ST UNIT 307,005,CITY/TOWN OF TACOMA,SD #010 TACOMA,"57,800","682,300","740,100","57,800",2022,2029,10.876416053020
9010810520,4907 MAIN ST UNIT 308,005,CITY/TOWN OF TACOMA,SD #010 TACOMA,"57,800","682,300","740,100","57,800",2022,2029,10.876416053020
9010810530,4907 MAIN ST UNIT 309,005,CITY/TOWN OF TACOMA,SD #010 TACOMA,"78,800","865,500","944,300","78,800",2022,2029,10.876416053020
9010810540,4907 MAIN ST UNIT 310,005,CITY/TOWN OF TACOMA,SD #010 TACOMA,"164,000","2,119,900","2,283,900","164,000",2022,2029,10.876416053020
9010810550,4907 MAIN ST UNIT 312,005,CITY/TOWN OF TACOMA,SD #010 TACOMA,"63,100","775,200","838,300","63,100",2022,2029,10.876416053020
9010810560,4907 MAIN ST UNIT 313,005,CITY/TOWN OF TACOMA,SD #010 TACOMA,"70,800","829,900","900,700","70,800",2022,2029,10.876416053020
9010810570,4907 MAIN ST UNIT 314,005,CITY/TOWN OF TACOMA,SD #010 TACOMA,"75,400","888,600","964,000","75,400",2022,2029,10.876416053020
9010810580,4907 MAIN ST UNIT 315,005,CITY/TOWN OF TACOMA,SD #010 TACOMA,"79,000","935,600","1,014,600","79,000",2022,2029,10.876416053020
9010810590,4907 MAIN ST UNIT 316,005,CITY/TOWN OF TACOMA,SD #010 TACOMA,"86,700","1,023,200","1,109,900","86,700",2022,2029,10.876416053020
9010810600,4907 MAIN ST UNIT 317,005,CITY/TOWN OF TACOMA,SD #010 TACOMA,"66,100","766,800","832,900","66,100",2022,2029,10.876416053020
9010810610,4907 MAIN ST UNIT 318,005,CITY/TOWN OF TACOMA,SD #010 TACOMA,"73,100","859,300","932,400","73,100",2022,2029,10.876416053020
9010810620,4907 MAIN ST UNIT 319,005,CITY/TOWN OF TACOMA,SD #010 TACOMA,"80,300","951,500","1,031,800","80,300",2022,2029,10.876416053020
9010810630,4907 MAIN ST UNIT 320,005,CITY/TOWN OF TACOMA,SD #010 TACOMA,"88,100","1,029,600","1,117,700","88,100",2022,2029,10.876416053020
9010810640,4907 MAIN ST UNIT 321,005,CITY/TOWN OF TACOMA,SD #010 TACOMA,"94,900","1,117,800","1,212,700","94,900",2022,2029,10.876416053020
9010810650,4907 MAIN ST UNIT 322,005,CITY/TOWN OF TACOMA,SD #010 TACOMA,"101,500","1,223,800","1,325,300","101,500",2022,2029,10.876416053020
9010810660,4907 MAIN ST UNIT 401,005,CITY/TOWN OF TACOMA,SD #010 TACOMA,"97,800","1,128,400","1,226,200","97,800",2023,2030,10.876416053020
9010810670,4907 MAIN ST UNIT 402,005,CITY/TOWN OF TACOMA,SD #010 TACOMA,"81,100","841,700","922,800","81,100",2023,2030,10.876416053020
9010810680,4907 MAIN ST UNIT 403,005,CITY/TOWN OF TACOMA,SD #010 TACOMA,"126,600","1,288,700","1,415,300","126,600",2023,2030,10.876416053020
9010810690,4907 MAIN ST UNIT 405,005,CITY/TOWN OF TACOMA,SD #010 TACOMA,"108,800","1,099,900","1,208,700","108,800",2023,2030,10.876416053020
9010810700,4907 MAIN ST UNIT 406,005,CITY/TOWN OF TACOMA,SD #010 TACOMA,"72,400","757,900","830,300","72,400",2023,2030,10.876416053020
9010810710,4907 MAIN ST UNIT 407,005,CITY/TOWN OF TACOMA,SD #010 TACOMA,"115,800","1,166,000","1,281,800","115,800",2023,2030,10.876416053020
9010810720,4907 MAIN ST UNIT 409,005,CITY/TOWN OF TACOMA,SD #010 TACOMA,"126,700","1,346,700","1,473,400","126,700",2023,2030,10.876416053020
9010810730,4907 MAIN ST UNIT 410,005,CITY/TOWN OF TACOMA,SD #010 TACOMA,"166,800","1,861,800","2,028,600","166,800",2023,2030,10.876416053020
9010810740,4907 MAIN ST UNIT 411,005,CITY/TOWN OF TACOMA,SD #010 TACOMA,"137,000","1,360,500","1,497,500","137,000",2023,2030,10.876416053020
9010810750,4907 MAIN ST UNIT 412,005,CITY/TOWN OF TACOMA,SD #010 TACOMA,"94,100","1,017,900","1,112,000","94,100",2023,2030,10.876416053020
9010810760,4907 MAIN ST UNIT 413,005,CITY/TOWN OF TACOMA,SD #010 TACOMA,"101,700","1,104,400","1,206,100","101,700",2023,2030,10.876416053020
9010810770,4907 MAIN ST UNIT 414,005,CITY/TOWN OF TACOMA,SD #010 TACOMA,"81,100","831,600","912,700","81,100",2023,2030,10.876416053020
9010810780,4907 MAIN ST UNIT 415,005,CITY/TOWN OF TACOMA,SD #010 TACOMA,"88,300","934,900","1,023,200","88,300",2023,2030,10.876416053020
9010810790,4907 MAIN ST UNIT 416,005,CITY/TOWN OF TACOMA,SD #010 TACOMA,"95,700","1,039,500","1,135,200","95,700",2023,2030,10.876416053020
9010810800,4907 MAIN ST UNIT 417,005,CITY/TOWN OF TACOMA,SD #010 TACOMA,"103,500","1,128,900","1,232,400","103,500",2023,2030,10.876416053020
9010810810,4907 MAIN ST UNIT 418,005,CITY/TOWN OF TACOMA,SD #010 TACOMA,"109,900","1,220,200","1,330,100","109,900",2023,2030,10.876416053020
9010810820,4907 MAIN ST UNIT 419,005,CITY/TOWN OF TACOMA,SD #010 TACOMA,"111,500","1,302,400","1,413,900","111,500",2023,2030,10.876416053020
9010810830,4907 MAIN ST UNIT 501,005,CITY/TOWN OF TACOMA,SD #010 TACOMA,"85,000","871,900","956,900","85,000",2023,2030,10.876416053020
9010810840,4907 MAIN ST UNIT 502,005,CITY/TOWN OF TACOMA,SD #010 TACOMA,"76,300","834,000","910,300","76,300",2023,2030,10.876416053020
9010810850,4907 MAIN ST UNIT 503,005,CITY/TOWN OF TACOMA,SD #010 TACOMA,"103,700","922,300","1,026,000","103,700",2023,2030,10.876416053020
9010810860,4907 MAIN ST UNIT 504,005,CITY/TOWN OF TACOMA,SD #010 TACOMA,"90,200","753,600","843,800","90,200",2023,2030,10.876416053020
9010810870,4907 MAIN ST UNIT 505,005,CITY/TOWN OF TACOMA,SD #010 TACOMA,"105,000","966,500","1,071,500","105,000",2023,2030,10.876416053020
9010810880,4907 MAIN ST UNIT 506,005,CITY/TOWN OF TACOMA,SD #010 TACOMA,"140,800","1,456,200","1,597,000","140,800",2023,2030,10.876416053020
9010810890,4907 MAIN ST UNIT 508,005,CITY/TOWN OF TACOMA,SD #010 TACOMA,"124,600","1,249,200","1,373,800","124,600",2023,2030,10.876416053020
9010810900,4907 MAIN ST UNIT 509,005,CITY/TOWN OF TACOMA,SD #010 TACOMA,"96,300","842,200","938,500","96,300",2023,2030,10.876416053020
9010810910,4907 MAIN ST UNIT 510,005,CITY/TOWN OF TACOMA,SD #010 TACOMA,"127,700","1,272,400","1,400,100","127,700",2023,2030,10.876416053020
9010810920,4907 MAIN ST UNIT 510.75,005,CITY/TOWN OF TACOMA,SD #010 TACOMA,"45,400","413,000","458,400","45,400",2023,2030,10.876416053020
9010810930,4907 MAIN ST UNIT 511,005,CITY/TOWN OF TACOMA,SD #010 TACOMA,"141,000","1,523,500","1,664,500","141,000",2023,2030,10.876416053020
9010810940,4907 MAIN ST UNIT 512,005,CITY/TOWN OF TACOMA,SD #010 TACOMA,"120,600","1,203,800","1,324,400","120,600",2023,2030,10.876416053020
9010810950,4907 MAIN ST UNIT 513,005,CITY/TOWN OF TACOMA,SD #010 TACOMA,"98,800","903,600","1,002,400","98,800",2023,2030,10.876416053020
9010810960,4907 MAIN ST UNIT 514,005,CITY/TOWN OF TACOMA,SD #010 TACOMA,"96,300","855,000","951,300","96,300",2023,2030,10.876416053020
9010810970,4907 MAIN ST UNIT 515,005,CITY/TOWN OF TACOMA,SD #010 TACOMA,"103,100","939,500","1,042,600","103,100",2023,2030,10.876416053020
9010810980,4907 MAIN ST UNIT 516,005,CITY/TOWN OF TACOMA,SD #010 TACOMA,"110,700","1,050,600","1,161,300","110,700",2023,2030,10.876416053020
9010810990,4907 MAIN ST UNIT 517,005,CITY/TOWN OF TACOMA,SD #010 TACOMA,"118,200","1,159,400","1,277,600","118,200",2023,2030,10.876416053020
9010811000,4907 MAIN ST UNIT 518,005,CITY/TOWN OF TACOMA,SD #010 TACOMA,"125,100","1,269,400","1,394,500","125,100",2023,2030,10.876416053020
9010811010,4907 MAIN ST UNIT 519,005,CITY/TOWN OF TACOMA,SD #010 TACOMA,"101,000","951,600","1,052,600","101,000",2023,2030,10.876416053020
9010811020,4907 MAIN ST UNIT 520,005,CITY/TOWN OF TACOMA,SD #010 TACOMA,"75,000","708,000","783,000","75,000",2023,2030,10.876416053020
9010811030,4907 MAIN ST UNIT 521,005,CITY/TOWN OF TACOMA,SD #010 TACOMA,"73,200","661,100","734,300","73,200",2023,2030,10.876416053020
9010811040,4907 MAIN ST UNIT 522,005,CITY/TOWN OF TACOMA,SD #010 TACOMA,"73,200","661,100","734,300","73,200",2023,2030,10.876416053020
9010811050,4907 MAIN ST UNIT 523,005,CITY/TOWN OF TACOMA,SD #010 TACOMA,"73,200","661,100","734,300","73,200",2023,2030,10.876416053020
9010811060,4907 MAIN ST UNIT 524,005,CITY/TOWN OF TACOMA,SD #010 TACOMA,"73,100","661,100","734,200","73,100",2023,2030,10.876416053020
9010811070,4907 MAIN ST UNIT 525,005,CITY/TOWN OF TACOMA,SD #010 TACOMA,"51,400","520,600","572,000","51,400",2023,2030,10.876416053020
9010811080,4907 MAIN ST UNIT 526,005,CITY/TOWN OF TACOMA,SD #010 TACOMA,"68,600","614,900","683,500","68,600",2023,2030,10.876416053020
9010811090,4907 MAIN ST UNIT 527,005,CITY/TOWN OF TACOMA,SD #010 TACOMA,"68,600","614,900","683,500","68,600",2023,2030,10.876416053020
9010811100,4907 MAIN ST UNIT 528,005,CITY/TOWN OF TACOMA,SD #010 TACOMA,"68,600","614,900","683,500","68,600",2023,2030,10.876416053020
9010811110,4907 MAIN ST UNIT 601,005,CITY/TOWN OF TACOMA,SD #010 TACOMA,"82,200","875,500","957,700","82,200",2023,2030,10.876416053020
9010811120,4907 MAIN ST UNIT 602,005,CITY/TOWN OF TACOMA,SD #010 TACOMA,"74,400","836,600","911,000","74,400",2023,2030,10.876416053020
9010811130,4907 MAIN ST UNIT 603,005,CITY/TOWN OF TACOMA,SD #010 TACOMA,"81,800","852,900","934,700","81,800",2023,2030,10.876416053020
9010811140,4907 MAIN ST UNIT 604,005,CITY/TOWN OF TACOMA,SD #010 TACOMA,"61,400","709,200","770,600","61,400",2023,2030,10.876416053020
9010811150,4907 MAIN ST UNIT 605,005,CITY/TOWN OF TACOMA,SD #010 TACOMA,"76,200","914,500","990,700","76,200",2023,2030,10.876416053020
9010811160,4907 MAIN ST UNIT 606,005,CITY/TOWN OF TACOMA,SD #010 TACOMA,"73,500","866,800","940,300","73,500",2023,2030,10.876416053020
9010811170,4907 MAIN ST UNIT 607,005,CITY/TOWN OF TACOMA,SD #010 TACOMA,"70,800","831,200","902,000","70,800",2023,2030,10.876416053020
9010811180,4907 MAIN ST UNIT 608,005,CITY/TOWN OF TACOMA,SD #010 TACOMA,"67,500","790,200","857,700","67,500",2023,2030,10.876416053020
9010811190,4907 MAIN ST UNIT 609,005,CITY/TOWN OF TACOMA,SD #010 TACOMA,"105,000","1,278,300","1,383,300","105,000",2023,2030,10.876416053020
9010811200,4907 MAIN ST UNIT 611,005,CITY/TOWN OF TACOMA,SD #010 TACOMA,"93,000","1,029,500","1,122,500","93,000",2023,2030,10.876416053020
9010811210,4907 MAIN ST UNIT 612,005,CITY/TOWN OF TACOMA,SD #010 TACOMA,"126,000","1,560,900","1,686,900","126,000",2023,2030,10.876416053020
9010811220,4907 MAIN ST UNIT 613,005,CITY/TOWN OF TACOMA,SD #010 TACOMA,"93,500","1,105,000","1,198,500","93,500",2023,2030,10.876416053020
9010811230,4907 MAIN ST UNIT 614,005,CITY/TOWN OF TACOMA,SD #010 TACOMA,"70,300","835,300","905,600","70,300",2023,2030,10.876416053020
9010811240,4907 MAIN ST UNIT 615,005,CITY/TOWN OF TACOMA,SD #010 TACOMA,"67,700","790,000","857,700","67,700",2023,2030,10.876416053020
9010811250,4907 MAIN ST UNIT 616,005,CITY/TOWN OF TACOMA,SD #010 TACOMA,"74,400","877,900","952,300","74,400",2023,2030,10.876416053020
9010811260,4907 MAIN ST UNIT 617,005,CITY/TOWN OF TACOMA,SD #010 TACOMA,"82,200","978,200","1,060,400","82,200",2023,2030,10.876416053020
9010811270,4907 MAIN ST UNIT 618,005,CITY/TOWN OF TACOMA,SD #010 TACOMA,"89,700","1,077,100","1,166,800","89,700",2023,2030,10.876416053020
9010811280,4907 MAIN ST UNIT 619,005,CITY/TOWN OF TACOMA,SD #010 TACOMA,"96,500","1,166,100","1,262,600","96,500",2023,2030,10.876416053020
9010811290,4907 MAIN ST UNIT 620,005,CITY/TOWN OF TACOMA,SD #010 TACOMA,"72,900","891,900","964,800","72,900",2023,2030,10.876416053020
9010811300,4907 MAIN ST UNIT 621,005,CITY/TOWN OF TACOMA,SD #010 TACOMA,"62,300","643,600","705,900","62,300",2023,2030,10.876416053020
9010811310,4907 MAIN ST UNIT 622,005,CITY/TOWN OF TACOMA,SD #010 TACOMA,"61,000","597,500","658,500","61,000",2023,2030,10.876416053020
9010811320,4907 MAIN ST UNIT 623,005,CITY/TOWN OF TACOMA,SD #010 TACOMA,"61,000","597,500","658,500","61,000",2023,2030,10.876416053020
9010811330,4907 MAIN ST UNIT 624,005,CITY/TOWN OF TACOMA,SD #010 TACOMA,"61,000","597,500","658,500","61,000",2023,2030,10.876416053020
9010811340,4907 MAIN ST UNIT 625,005,CITY/TOWN OF TACOMA,SD #010 TACOMA,"67,000","603,600","670,600","67,000",2023,2030,10.876416053020
9010811350,4907 MAIN ST UNIT 626,005,CITY/TOWN OF TACOMA,SD #010 TACOMA,"51,400","494,100","545,500","51,400",2023,2030,10.876416053020
9010811360,4907 MAIN ST UNIT 627,005,CITY/TOWN OF TACOMA,SD #010 TACOMA,"64,000","620,100","684,100","64,000",2023,2030,10.876416053020
9010811370,4907 MAIN ST UNIT 628,005,CITY/TOWN OF TACOMA,SD #010 TACOMA,"63,700","620,400","684,100","63,700",2023,2030,10.876416053020
9010811380,4907 MAIN ST UNIT 629,005,CITY/TOWN OF TACOMA,SD #010 TACOMA,"63,700","620,400","684,100","63,700",2023,2030,10.876416053020
9010811390,4907 MAIN ST UNIT 630,005,CITY/TOWN OF TACOMA,SD #010 TACOMA,"63,700","620,400","684,100","63,700",2023,2030,10.876416053020
9010811400,4907 MAIN ST UNIT 631,005,CITY/TOWN OF TACOMA,SD #010 TACOMA,"63,700","620,400","684,100","63,700",2023,2030,10.876416053020
9010811410,4907 MAIN ST UNIT 701,005,CITY/TOWN OF TACOMA,SD #010 TACOMA,"82,200","876,200","958,400","82,200",2023,2030,10.876416053020
9010811420,4907 MAIN ST UNIT 702,005,CITY/TOWN OF TACOMA,SD #010 TACOMA,"74,400","837,300","911,700","74,400",2023,2030,10.876416053020
9010811430,4907 MAIN ST UNIT 703,005,CITY/TOWN OF TACOMA,SD #010 TACOMA,"81,800","853,600","935,400","81,800",2023,2030,10.876416053020
9010811440,4907 MAIN ST UNIT 704,005,CITY/TOWN OF TACOMA,SD #010 TACOMA,"61,400","709,800","771,200","61,400",2023,2030,10.876416053020
9010811450,4907 MAIN ST UNIT 705,005,CITY/TOWN OF TACOMA,SD #010 TACOMA,"76,200","903,100","979,300","76,200",2023,2030,10.876416053020
9010811460,4907 MAIN ST UNIT 706,005,CITY/TOWN OF TACOMA,SD #010 TACOMA,"73,500","879,500","953,000","73,500",2023,2030,10.876416053020
9010811470,4907 MAIN ST UNIT 707,005,CITY/TOWN OF TACOMA,SD #010 TACOMA,"70,800","843,900","914,700","70,800",2023,2030,10.876416053020
9010811480,4907 MAIN ST UNIT 708,005,CITY/TOWN OF TACOMA,SD #010 TACOMA,"67,500","790,800","858,300","67,500",2023,2030,10.876416053020
9010811490,4907 MAIN ST UNIT 709,005,CITY/TOWN OF TACOMA,SD #010 TACOMA,"67,500","790,800","858,300","67,500",2023,2030,10.876416053020
9010811500,4907 MAIN ST UNIT 710,005,CITY/TOWN OF TACOMA,SD #010 TACOMA,"64,600","752,200","816,800","64,600",2023,2030,10.876416053020
9010811510,4907 MAIN ST UNIT 711,005,CITY/TOWN OF TACOMA,SD #010 TACOMA,"62,200","731,000","793,200","62,200",2023,2030,10.876416053020
9010811520,4907 MAIN ST UNIT 712,005,CITY/TOWN OF TACOMA,SD #010 TACOMA,"122,000","1,617,000","1,739,000","122,000",2023,2030,10.876416053020
9010811530,4907 MAIN ST UNIT 713,005,CITY/TOWN OF TACOMA,SD #010 TACOMA,"93,500","1,105,800","1,199,300","93,500",2023,2030,10.876416053020
9010811540,4907 MAIN ST UNIT 714,005,CITY/TOWN OF TACOMA,SD #010 TACOMA,"70,300","823,800","894,100","70,300",2023,2030,10.876416053020
9010811550,4907 MAIN ST UNIT 715,005,CITY/TOWN OF TACOMA,SD #010 TACOMA,"67,700","790,600","858,300","67,700",2023,2030,10.876416053020
9010811560,4907 MAIN ST UNIT 716,005,CITY/TOWN OF TACOMA,SD #010 TACOMA,"74,400","878,500","952,900","74,400",2023,2030,10.876416053020
9010811570,4907 MAIN ST UNIT 717,005,CITY/TOWN OF TACOMA,SD #010 TACOMA,"82,200","979,000","1,061,200","82,200",2023,2030,10.876416053020
9010811580,4907 MAIN ST UNIT 718,005,CITY/TOWN OF TACOMA,SD #010 TACOMA,"89,700","1,078,000","1,167,700","89,700",2023,2030,10.876416053020
9010811590,4907 MAIN ST UNIT 719,005,CITY/TOWN OF TACOMA,SD #010 TACOMA,"96,500","1,167,000","1,263,500","96,500",2023,2030,10.876416053020
9010811600,4907 MAIN ST UNIT 720,005,CITY/TOWN OF TACOMA,SD #010 TACOMA,"72,900","892,600","965,500","72,900",2023,2030,10.876416053020
9010811610,4907 MAIN ST UNIT 721,005,CITY/TOWN OF TACOMA,SD #010 TACOMA,"62,300","644,200","706,500","62,300",2023,2030,10.876416053020
9010811620,4907 MAIN ST UNIT 722,005,CITY/TOWN OF TACOMA,SD #010 TACOMA,"61,000","598,100","659,100","61,000",2023,2030,10.876416053020
9010811630,4907 MAIN ST UNIT 723,005,CITY/TOWN OF TACOMA,SD #010 TACOMA,"61,000","598,100","659,100","61,000",2023,2030,10.876416053020
9010811640,4907 MAIN ST UNIT 724,005,CITY/TOWN OF TACOMA,SD #010 TACOMA,"61,000","610,100","671,100","61,000",2023,2030,10.876416053020
9010811650,4907 MAIN ST UNIT 725,005,CITY/TOWN OF TACOMA,SD #010 TACOMA,"67,000","592,000","659,000","67,000",2023,2030,10.876416053020
9010811660,4907 MAIN ST UNIT 726,005,CITY/TOWN OF TACOMA,SD #010 TACOMA,"51,400","494,600","546,000","51,400",2023,2030,10.876416053020
9010811670,4907 MAIN ST UNIT 727,005,CITY/TOWN OF TACOMA,SD #010 TACOMA,"64,000","620,700","684,700","64,000",2023,2030,10.876416053020
9010811680,4907 MAIN ST UNIT 728,005,CITY/TOWN OF TACOMA,SD #010 TACOMA,"63,700","621,000","684,700","63,700",2023,2030,10.876416053020
9010811690,4907 MAIN ST UNIT 729,005,CITY/TOWN OF TACOMA,SD #010 TACOMA,"63,700","621,000","684,700","63,700",2023,2030,10.876416053020
9010811700,4907 MAIN ST UNIT 730,005,CITY/TOWN OF TACOMA,SD #010 TACOMA,"63,700","621,000","684,700","63,700",2023,2030,10.876416053020
9010811710,4907 MAIN ST UNIT 731,005,CITY/TOWN OF TACOMA,SD #010 TACOMA,"63,700","621,000","684,700","63,700",2023,2030,10.876416053020
9010811720,4907 MAIN ST UNIT 801,005,CITY/TOWN OF TACOMA,SD #010 TACOMA,"82,200","876,900","959,100","82,200",2023,2030,10.876416053020
9010811730,4907 MAIN ST UNIT 802,005,CITY/TOWN OF TACOMA,SD #010 TACOMA,"74,400","837,900","912,300","74,400",2023,2030,10.876416053020
9010811740,4907 MAIN ST UNIT 803,005,CITY/TOWN OF TACOMA,SD #010 TACOMA,"81,600","862,700","944,300","81,600",2023,2030,10.876416053020
9010811750,4907 MAIN ST UNIT 804,005,CITY/TOWN OF TACOMA,SD #010 TACOMA,"61,500","785,400","846,900","61,500",2023,2030,10.876416053020
9010811760,4907 MAIN ST UNIT 805,005,CITY/TOWN OF TACOMA,SD #010 TACOMA,"76,200","915,900","992,100","76,200",2023,2030,10.876416053020
9010811770,4907 MAIN ST UNIT 806,005,CITY/TOWN OF TACOMA,SD #010 TACOMA,"73,500","868,100","941,600","73,500",2023,2030,10.876416053020
9010811780,4907 MAIN ST UNIT 807,005,CITY/TOWN OF TACOMA,SD #010 TACOMA,"70,800","844,600","915,400","70,800",2023,2030,10.876416053020
9010811790,4907 MAIN ST UNIT 808,005,CITY/TOWN OF TACOMA,SD #010 TACOMA,"67,500","791,500","859,000","67,500",2023,2030,10.876416053020
9010811800,4907 MAIN ST UNIT 809,005,CITY/TOWN OF TACOMA,SD #010 TACOMA,"105,100","1,294,300","1,399,400","105,100",2023,2030,10.876416053020
9010811810,4907 MAIN ST UNIT 811,005,CITY/TOWN OF TACOMA,SD #010 TACOMA,"92,800","1,028,700","1,121,500","92,800",2023,2030,10.876416053020
9010811820,4907 MAIN ST UNIT 812,005,CITY/TOWN OF TACOMA,SD #010 TACOMA,"124,500","1,587,700","1,712,200","124,500",2023,2030,10.876416053020
9010811830,4907 MAIN ST UNIT 813,005,CITY/TOWN OF TACOMA,SD #010 TACOMA,"93,500","1,106,700","1,200,200","93,500",2023,2030,10.876416053020
9010811840,4907 MAIN ST UNIT 814,005,CITY/TOWN OF TACOMA,SD #010 TACOMA,"70,300","824,500","894,800","70,300",2023,2030,10.876416053020
9010811850,4907 MAIN ST UNIT 815,005,CITY/TOWN OF TACOMA,SD #010 TACOMA,"67,700","791,200","858,900","67,700",2023,2030,10.876416053020
9010811860,4907 MAIN ST UNIT 816,005,CITY/TOWN OF TACOMA,SD #010 TACOMA,"74,400","879,200","953,600","74,400",2023,2030,10.876416053020
9010811870,4907 MAIN ST UNIT 817,005,CITY/TOWN OF TACOMA,SD #010 TACOMA,"82,200","979,700","1,061,900","82,200",2023,2030,10.876416053020
9010811880,4907 MAIN ST UNIT 818,005,CITY/TOWN OF TACOMA,SD #010 TACOMA,"89,700","1,078,800","1,168,500","89,700",2023,2030,10.876416053020
9010811890,4907 MAIN ST UNIT 819,005,CITY/TOWN OF TACOMA,SD #010 TACOMA,"96,500","1,167,800","1,264,300","96,500",2023,2030,10.876416053020
9010811900,4907 MAIN ST UNIT 820,005,CITY/TOWN OF TACOMA,SD #010 TACOMA,"72,900","893,200","966,100","72,900",2023,2030,10.876416053020
9010811910,4907 MAIN ST UNIT 821,005,CITY/TOWN OF TACOMA,SD #010 TACOMA,"62,300","644,800","707,100","62,300",2023,2030,10.876416053020
9010811920,4907 MAIN ST UNIT 822,005,CITY/TOWN OF TACOMA,SD #010 TACOMA,"61,000","598,600","659,600","61,000",2023,2030,10.876416053020
9010811930,4907 MAIN ST UNIT 823,005,CITY/TOWN OF TACOMA,SD #010 TACOMA,"61,000","598,600","659,600","61,000",2023,2030,10.876416053020
9010811940,4907 MAIN ST UNIT 824,005,CITY/TOWN OF TACOMA,SD #010 TACOMA,"61,000","598,600","659,600","61,000",2023,2030,10.876416053020
9010811950,4907 MAIN ST UNIT 825,005,CITY/TOWN OF TACOMA,SD #010 TACOMA,"67,000","604,700","671,700","67,000",2023,2030,10.876416053020
9010811960,4907 MAIN ST UNIT 826,005,CITY/TOWN OF TACOMA,SD #010 TACOMA,"51,400","495,000","546,400","51,400",2023,2030,10.876416053020
9010811970,4907 MAIN ST UNIT 827,005,CITY/TOWN OF TACOMA,SD #010 TACOMA,"64,000","621,300","685,300","64,000",2023,2030,10.876416053020
9010811980,4907 MAIN ST UNIT 828,005,CITY/TOWN OF TACOMA,SD #010 TACOMA,"63,700","621,600","685,300","63,700",2023,2030,10.876416053020
9010811990,4907 MAIN ST UNIT 829,005,CITY/TOWN OF TACOMA,SD #010 TACOMA,"63,700","621,600","685,300","63,700",2023,2030,10.876416053020
9010812000,4907 MAIN ST UNIT 830,005,CITY/TOWN OF TACOMA,SD #010 TACOMA,"63,700","621,600","685,300","63,700",2023,2030,10.876416053020
9010812010,4907 MAIN ST UNIT 831,005,CITY/TOWN OF TACOMA,SD #010 TACOMA,"63,700","621,600","685,300","63,700",2023,2030,10.876416053020
9011130010,4002 10TH ST SE UNIT B-101,096,CITY/TOWN OF PUYALLUP,SD #003 PUYALLUP,"76,000","209,100","285,100","76,000",2026,2033,9.815777556247
9011130020,4002 10TH ST SE UNIT B-102,096,CITY/TOWN OF PUYALLUP,SD #003 PUYALLUP,"76,000","209,300","285,300","76,000",2026,2033,9.815777556247
9011130040,4002 10TH ST SE UNIT B-201,096,CITY/TOWN OF PUYALLUP,SD #003 PUYALLUP,"76,000","209,600","285,600","76,000",2026,2033,9.815777556247
9011130050,4002 10TH ST SE UNIT B-202,096,CITY/TOWN OF PUYALLUP,SD #003 PUYALLUP,"76,000","207,700","283,700","76,000",2026,2033,9.815777556247
9011130060,4002 10TH ST SE UNIT B-203,096,CITY/TOWN OF PUYALLUP,SD #003 PUYALLUP,"76,000","207,200","283,200","76,000",2026,2033,9.815777556247
9011130070,4002 10TH ST SE UNIT B-204,096,CITY/TOWN OF PUYALLUP,SD #003 PUYALLUP,"76,000","210,600","286,600","76,000",2026,2033,9.815777556247
9100000010,641 N PINE ST,005,CITY/TOWN OF TACOMA,SD #010 TACOMA,"308,700","786,000","1,094,700","496,240",2024,2035,10.876416053020
9100000903,611 S ANDERSON ST,005,CITY/TOWN OF TACOMA,SD #010 TACOMA,"224,700","1,515,400","1,740,100","224,700",2024,2035,10.876416053020
9100000905,617 S ANDERSON ST,005,CITY/TOWN OF TACOMA,SD #010 TACOMA,"207,800","650,700","858,500","207,800",2024,2035,10.876416053020
9120000210,4026 S PINE ST,005,CITY/TOWN OF TACOMA,SD #010 TACOMA,"298,800","1,314,600","1,613,400","298,800",2018,2029,10.876416053020
9120000538,4329 S CEDAR ST,005,CITY/TOWN OF TACOMA,SD #010 TACOMA,"131,200","1,200,700","1,331,900","131,200",2022,2033,10.876416053020
9120000580,4326 S JUNETT ST,005,CITY/TOWN OF TACOMA,SD #010 TACOMA,"350,100","3,660,600","4,010,700","350,100",2025,2036,10.876416053020
9225000491,5816 162ND AVE E,117,CITY/TOWN OF SUMNER,SD #320 SUMNER,"5,639,800","25,212,900","30,852,700","5,639,800",2025,2036,11.876485942690
9225000513,5903 TO 5921 162ND AVE E,117,CITY/TOWN OF SUMNER,SD #320 SUMNER,"3,410,800","11,096,300","14,507,100","3,410,800",2025,2036,11.876485942690
9710001743,3825 S JUNETT ST,005,CITY/TOWN OF TACOMA,SD #010 TACOMA,"781,000","5,107,900","5,888,900","781,000",2018,2029,10.876416053020
9820000020,9615 BRISTOL DR SW,760,CITY/TOWN OF LAKEWOOD,SD #400 CLOVER PARK,"334,200","1,140,000","1,474,200","334,200",2026,2037,9.335653473765
